group,run_id,scenario_id,scenario_label,model,persona,rate_decision_bps,target_rate_level,primary_concern,rationale,confidence,total_tokens
policy_persona,1,sc1,Scenario A,deepseek-v4-flash,hawk,25,5.25,inflation,"PCE inflation at 3.8% remains well above the 2% target, and 5-year inflation expectations at 2.7% indicate persistent price pressures. With unemployment low at 3.8% and GDP slightly above potential, raising rates by 25 basis points is warranted to tighten monetary policy and bring inflation down.",0.7,798
policy_persona,2,sc1,Scenario A,deepseek-v4-flash,hawk,25,5.25,inflation,"With PCE inflation at 3.8% and 5-year inflation expectations at 2.7%, both exceeding the 2% target, price stability remains the primary concern. The low unemployment rate of 3.8% and GDP above potential provide scope to tighten policy without jeopardizing maximum employment. A 25 basis point hike is appropriate to gradually rein in inflationary pressures.",0.8,779
policy_persona,3,sc1,Scenario A,deepseek-v4-flash,hawk,25,5.25,inflation,"PCE inflation at 3.8% remains well above the 2% target, and 5-year inflation expectations at 2.7% signal potential de-anchoring. With unemployment low at 3.8% and GDP slightly above potential, tightening monetary policy is warranted to achieve price stability.",0.85,749
policy_persona,4,sc1,Scenario A,deepseek-v4-flash,hawk,25,5.25,inflation,"PCE inflation at 3.8% remains well above the 2% target, while unemployment at 3.8% indicates a tight labor market. To ensure price stability, a modest rate hike is warranted to gradually bring inflation down.",0.8,695
policy_persona,5,sc1,Scenario A,deepseek-v4-flash,hawk,25,5.25,inflation,"PCE inflation remains elevated at 3.8%, well above the 2% target, while unemployment is low at 3.8%, indicating a tight labor market. Given the hawkish priority on price stability, a modest rate hike is warranted to anchor inflation expectations and bring inflation down.",0.8,780
policy_persona,6,sc1,Scenario A,deepseek-v4-flash,hawk,25,5.25,inflation,"PCE inflation remains well above the 2% target at 3.8%, and the unemployment rate at 3.8% signals a tight labor market, necessitating further rate increases to curb inflationary pressures and anchor expectations.",0.85,803
policy_persona,7,sc1,Scenario A,deepseek-v4-flash,hawk,25,5.25,inflation,"PCE inflation at 3.8% remains well above the 2% target, and 5-year inflation expectations at 2.7% indicate persistent inflation pressures. With unemployment low at 3.8% and GDP above potential, the labor market is tight, supporting further tightening to anchor inflation expectations.",0.8,752
policy_persona,8,sc1,Scenario A,deepseek-v4-flash,hawk,50,5.5,inflation,"PCE inflation at 3.8% remains well above the 2% target, and 5-year inflation expectations at 2.7% suggest persistent inflationary pressures. With the unemployment rate at 3.8% and GDP above potential, the economy can withstand further tightening to anchor inflation expectations.",0.85,694
policy_persona,9,sc1,Scenario A,deepseek-v4-flash,hawk,50,5.5,inflation,"PCE inflation at 3.8% remains well above the 2% target, and GDP exceeding potential suggests overheating. A 50 bps hike is needed to anchor inflation expectations and maintain credibility.",0.85,715
policy_persona,10,sc1,Scenario A,deepseek-v4-flash,hawk,50,5.5,inflation,"PCE inflation is at 3.8%, well above the 2% target, and unemployment at 3.8% indicates a tight labor market. Real GDP above potential suggests overheating. To anchor inflation expectations and restore price stability, a 50 basis point hike is warranted.",0.9,839
policy_persona,11,sc1,Scenario A,deepseek-v4-flash,hawk,25,5.25,inflation,"PCE inflation at 3.8% remains well above the 2% target, and 5-year inflation expectations at 2.7% indicate persistent upward pressure. Given unemployment is still low at 3.8%, a modest rate hike is warranted to continue tightening financial conditions and anchor inflation expectations.",0.75,805
policy_persona,12,sc1,Scenario A,deepseek-v4-flash,hawk,25,5.25,inflation,"PCE inflation at 3.8% remains well above the 2% target, and 5-year inflation expectations at 2.7% indicate persistent price pressures. Additionally, the unemployment rate at 3.8% suggests a tight labor market supporting demand, while GDP slightly exceeding potential warrants further monetary tightening to ensure price stability.",0.8,781
policy_persona,13,sc1,Scenario A,deepseek-v4-flash,hawk,50,5.5,inflation,"PCE inflation at 3.8% remains well above the 2% target, and 5-year inflation expectations at 2.7% suggest persistent price pressures. With the unemployment rate low at 3.8% and real GDP above potential, the economy is strong enough to absorb further tightening to restore price stability.",0.85,773
policy_persona,14,sc1,Scenario A,deepseek-v4-flash,hawk,50,5.5,inflation,"PCE inflation at 3.8% is well above the 2% target, and 5-year inflation expectations at 2.7% indicate de-anchoring risks. With unemployment low at 3.8% and GDP above potential, raising rates by 50 bps is necessary to contain price pressures.",0.85,711
policy_persona,15,sc1,Scenario A,deepseek-v4-flash,hawk,25,5.25,inflation,"PCE inflation remains elevated at 3.8%, well above the 2% target, and 5-year inflation expectations at 2.7% indicate persistent inflationary pressures. With unemployment low at 3.8% and GDP above potential, the economy is strong enough to absorb further tightening to ensure price stability.",0.85,949
policy_persona,1,sc2,Scenario B,deepseek-v4-flash,hawk,0,5.0,inflation,"PCE inflation at 2.1% is at the 2% target, but given the elevated unemployment rate of 6.0% and output below potential, maintaining the current rate supports price stability while avoiding premature easing that could reignite inflationary pressures.",0.85,942
policy_persona,2,sc2,Scenario B,deepseek-v4-flash,hawk,-25,4.75,balanced,"PCE inflation at 2.1% is near the 2% target, but the unemployment rate of 6.0% indicates significant labor market slack, and real GDP at 98.5 is below potential. A 25 basis point cut supports maximum employment while keeping inflation expectations anchored, as 5-year inflation expectations remain at 2.1%.",0.7,913
policy_persona,3,sc2,Scenario B,deepseek-v4-flash,hawk,-25,4.75,unemployment,"Unemployment at 6.0% is elevated, indicating slack in the labor market. PCE inflation at 2.1% is near the 2% target, allowing for a modest cut to support maximum employment without risking a significant inflation overshoot.",0.8,1054
policy_persona,4,sc2,Scenario B,deepseek-v4-flash,hawk,0,5.0,inflation,"PCE inflation at 2.1% remains slightly above the 2% target, warranting caution despite the elevated unemployment rate of 6.0% and real GDP below potential. Holding the rate steady allows inflation to converge while avoiding premature easing that could reignite price pressures.",0.7,1004
policy_persona,5,sc2,Scenario B,deepseek-v4-flash,hawk,0,5.0,inflation,"PCE inflation at 2.1% remains above the 2% target, and while unemployment is elevated at 6.0%, price stability remains the priority. The output gap is small, so holding rates allows inflation to gradually return to target without further tightening.",0.75,986
policy_persona,6,sc2,Scenario B,deepseek-v4-flash,hawk,0,5.0,inflation,"PCE inflation at 2.1% is slightly above the 2% target, and 5-year inflation expectations remain at 2.1%, indicating inflation persistence. Although unemployment at 6.0% is elevated and real GDP is below potential, price stability is paramount. Holding the rate steady ensures inflation returns to target without risking a premature easing that could reaccelerate price pressures.",0.85,1049
policy_persona,7,sc2,Scenario B,deepseek-v4-flash,hawk,-25,4.75,unemployment,"PCE inflation at 2.1% is only slightly above target, while the unemployment rate of 6.0% and real GDP below potential indicate significant slack. A modest rate cut supports maximum employment without risking inflation stability.",0.7,944
policy_persona,8,sc2,Scenario B,deepseek-v4-flash,hawk,-25,4.75,unemployment,"Unemployment at 6.0% is elevated and well above estimates of full employment, while PCE inflation at 2.1% is near target and inflation expectations remain anchored. To support maximum employment without compromising price stability, a modest 25 basis point cut is warranted.",0.75,1048
policy_persona,9,sc2,Scenario B,deepseek-v4-flash,hawk,0,5.0,balanced,"PCE inflation at 2.1% slightly exceeds the 2% target, but the unemployment rate at 6.0% and real GDP at 98.5 indicate economic slack. Holding the rate maintains pressure on inflation while avoiding further harm to employment.",0.8,865
policy_persona,10,sc2,Scenario B,deepseek-v4-flash,hawk,-25,4.75,unemployment,"With PCE inflation at 2.1%, nearly at target, but unemployment elevated at 6.0%, a modest rate cut supports maximum employment without jeopardizing price stability. The economy operating below potential (GDP index 98.5) further justifies this accommodative move.",0.7,859
policy_persona,11,sc2,Scenario B,deepseek-v4-flash,hawk,-25,4.75,unemployment,"Unemployment at 6.0% is elevated and real GDP is below potential, indicating economic slack. Inflation at 2.1% is near target, allowing for a modest rate cut to support maximum employment without jeopardizing price stability.",0.8,1055
policy_persona,12,sc2,Scenario B,deepseek-v4-flash,hawk,-25,4.75,unemployment,"Unemployment at 6.0% is elevated and real GDP is below potential, indicating slack in the economy. PCE inflation at 2.1% is near the 2% target and inflation expectations remain anchored, allowing for a modest rate cut to support maximum employment without jeopardizing price stability.",0.8,952
policy_persona,13,sc2,Scenario B,deepseek-v4-flash,hawk,-25,4.75,balanced,"Unemployment is elevated at 6.0% and real GDP is below potential (98.5 vs 100), indicating economic slack. PCE inflation at 2.1% is near target and expectations are anchored, so price stability is not at risk. A modest 25 bps cut supports maximum employment without compromising the inflation target.",0.75,921
policy_persona,14,sc2,Scenario B,deepseek-v4-flash,hawk,0,5.0,inflation,"PCE inflation at 2.1% is slightly above the 2% target, and as a hawk I prioritize price stability. While the unemployment rate is high at 6.0%, inflation expectations remain well-anchored at 2.1%, so maintaining the current rate is prudent to ensure inflation returns to target without risking economic slack.",0.7,1099
policy_persona,15,sc2,Scenario B,deepseek-v4-flash,hawk,0,5.0,inflation,"PCE inflation at 2.1% remains slightly above target, and anchored expectations at 2.1% warrant vigilance. Unemployment at 6.0% is elevated, but GDP below potential indicates slack. Holding rates allows us to maintain restrictive policy to ensure inflation returns to 2% without exacerbating labor market weakness.",0.7,1107
policy_persona,1,sc3,Scenario C,deepseek-v4-flash,hawk,25,5.25,inflation,"PCE inflation at 3.1% remains well above the 2% target, and 5-year inflation expectations at 2.4% are still elevated, indicating persistent price pressures. A modest rate hike reinforces commitment to price stability while the economy operates near potential, with unemployment at 4.9% and GDP slightly below potential.",0.8,821
policy_persona,2,sc3,Scenario C,deepseek-v4-flash,hawk,25,5.25,inflation,"PCE inflation at 3.1% remains well above the 2% target, and 5-year inflation expectations at 2.4% suggest elevated inflation persistence. With unemployment at 4.9%, the labor market is tight, supporting further rate hikes to anchor inflation expectations. A 25 basis point increase is warranted to maintain credibility on price stability.",0.7,955
policy_persona,3,sc3,Scenario C,deepseek-v4-flash,hawk,25,5.25,inflation,"PCE inflation at 3.1% remains well above the 2% target, and 5-year inflation expectations at 2.4% indicate persistent inflationary pressures. Despite GDP slightly below potential, the need to anchor expectations justifies a rate increase. Unemployment at 4.9% is near full employment, so the labor market can absorb a modest tightening.",0.7,857
policy_persona,4,sc3,Scenario C,deepseek-v4-flash,hawk,25,5.25,inflation,"PCE inflation at 3.1% remains above the 2% target, and 5-year inflation expectations at 2.4% indicate persistent upward pressure. While unemployment at 4.9% is near full employment, price stability takes precedence. A modest rate hike reinforces commitment to disinflation without excessively dampening economic activity.",0.7,875
policy_persona,5,sc3,Scenario C,deepseek-v4-flash,hawk,25,5.25,inflation,"PCE inflation at 3.1% remains above the 2% target, and 5-year inflation expectations at 2.4% are elevated. To anchor expectations and return inflation to target, a 25 bps hike is appropriate, despite unemployment near full employment at 4.9%.",0.8,775
policy_persona,6,sc3,Scenario C,deepseek-v4-flash,hawk,25,5.25,inflation,"PCE inflation at 3.1% remains above the 2% target, and 5-year inflation expectations at 2.4% indicate persistent upward price pressures. With unemployment near 4.9%, the labor market remains resilient, supporting a moderate rate hike to curb inflation while keeping growth risks in check.",0.8,798
policy_persona,7,sc3,Scenario C,deepseek-v4-flash,hawk,25,5.25,inflation,"PCE inflation at 3.1% remains above the 2% target, and 5-year inflation expectations at 2.4% indicate persistent price pressures. With real GDP slightly below potential, maintaining a restrictive stance is warranted to ensure inflation returns to target, even as unemployment at 4.9% suggests some labor market slack. A 25 basis point hike reinforces commitment to price stability.",0.8,759
policy_persona,8,sc3,Scenario C,deepseek-v4-flash,hawk,25,5.25,inflation,"PCE inflation at 3.1% remains well above the 2% target, while 5-year inflation expectations at 2.4% suggest some unanchoring. With unemployment at 4.9% near full employment and real GDP slightly below potential, a modest rate hike is warranted to keep inflation expectations anchored and steer inflation back toward target.",0.7,764
policy_persona,9,sc3,Scenario C,deepseek-v4-flash,hawk,25,5.25,inflation,"PCE inflation at 3.1% remains well above the 2% target, and 5-year inflation expectations at 2.4% suggest persistent price pressures. While unemployment at 4.9% is slightly elevated, the need to anchor inflation expectations justifies a further rate increase.",0.7,854
policy_persona,10,sc3,Scenario C,deepseek-v4-flash,hawk,25,5.25,inflation,"PCE inflation remains elevated at 3.1%, well above the 2% target, and 5-year inflation expectations at 2.4% suggest persistent inflationary pressures. A modest rate hike reinforces commitment to price stability while the slight output gap (GDP 99.5 vs potential 100) indicates limited risk to employment.",0.7,853
policy_persona,11,sc3,Scenario C,deepseek-v4-flash,hawk,25,5.25,inflation,"PCE inflation remains elevated at 3.1%, well above the 2% target, while 5-year inflation expectations at 2.4% indicate persistent inflation risks. Despite unemployment at 4.9% and GDP slightly below potential, the need to anchor inflation expectations and return to target warrants a modest rate hike.",0.7,782
policy_persona,12,sc3,Scenario C,deepseek-v4-flash,hawk,25,5.25,inflation,"PCE inflation at 3.1% remains above the 2% target, and 5-year inflation expectations at 2.4% indicate some de-anchoring risk. Although the GDP gap suggests economic slack, price stability demands further tightening to ensure inflation returns to target.",0.7,1080
policy_persona,13,sc3,Scenario C,deepseek-v4-flash,hawk,25,5.25,inflation,"PCE inflation at 3.1% remains well above the 2% target, and 5-year inflation expectations at 2.4% indicate that expectations are not fully anchored. A 25 bps hike to 5.25% is warranted to ensure price stability, despite the slight output gap (Real GDP at 99.5 vs Potential at 100) and unemployment at 4.9%.",0.7,815
policy_persona,14,sc3,Scenario C,deepseek-v4-flash,hawk,25,5.25,inflation,"PCE inflation at 3.1% remains above the 2% target, and 5-year inflation expectations at 2.4% are elevated, indicating persistent price pressures. With unemployment at 4.9% and GDP slightly below potential, a modest hike is warranted to ensure inflation returns to target without significantly harming employment.",0.8,869
policy_persona,15,sc3,Scenario C,deepseek-v4-flash,hawk,25,5.25,inflation,"PCE inflation at 3.1% remains well above the 2% target, and 5-year inflation expectations at 2.4% indicate a risk of de-anchoring. Despite the economy operating slightly below potential (real GDP 99.5 vs potential 100), price stability is paramount. A 25 bps hike reinforces commitment to disinflation.",0.8,844
policy_persona,1,sc1,Scenario A,deepseek-v4-flash,dove,0,5.0,inflation,"Unemployment remains low at 3.8%, but PCE inflation at 3.8% and 5-year inflation expectations at 2.7% are above target. As a dove, I prioritize maximum employment, but the current labor market is strong, so holding rates allows time to assess whether inflation moderates without risking a slowdown.",0.75,925
policy_persona,2,sc1,Scenario A,deepseek-v4-flash,dove,0,5.0,balanced,"The unemployment rate at 3.8% indicates a strong labor market, supporting a hold. However, PCE inflation at 3.8% remains above target, requiring vigilance. The Fed maintains the current rate to balance these concerns.",0.7,853
policy_persona,3,sc1,Scenario A,deepseek-v4-flash,dove,25,5.25,inflation,"PCE inflation at 3.8% remains well above target, and the economy is operating above potential (GDP index 101 vs 100), which could fuel further price pressures. However, with unemployment at 3.8% and inflation expectations at 2.7%, I prioritize a gradual approach to avoid jeopardizing labor market gains. A modest 25 bps hike addresses inflation while remaining supportive of maximum employment.",0.7,764
policy_persona,4,sc1,Scenario A,deepseek-v4-flash,dove,-25,4.75,balanced,"Unemployment at 3.8% indicates a strong labor market, but as a dove I prioritize supporting maximum employment and continued growth. PCE inflation at 3.8% remains elevated, but easing by 25 bps balances the risk of slowing the economy while acknowledging inflation expectations near 2.7%.",0.7,835
policy_persona,5,sc1,Scenario A,deepseek-v4-flash,dove,25,5.25,inflation,"Unemployment at 3.8% indicates a strong labor market, but PCE inflation at 3.8% is well above the 2% target. Inflation expectations at 2.7% suggest some unanchoring. A modest 25bp hike aims to gradually tighten policy to reduce inflation while supporting continued employment growth.",0.7,1091
policy_persona,6,sc1,Scenario A,deepseek-v4-flash,dove,25,5.25,inflation,"PCE inflation remains elevated at 3.8%, significantly above the 2% target, and 5-year inflation expectations at 2.7% suggest inflation is not yet anchored. Despite low unemployment at 3.8%, a modest hike is warranted to curb inflationary pressures while still supporting labor market stability.",0.75,754
policy_persona,7,sc1,Scenario A,deepseek-v4-flash,dove,25,5.25,inflation,"Unemployment at 3.8% remains low, supporting maximum employment. However, PCE inflation at 3.8% and inflation expectations at 2.7% indicate persistent price pressures. A modest rate increase is warranted to gradually reduce inflation without harming labor market conditions.",0.7,1035
policy_persona,8,sc1,Scenario A,deepseek-v4-flash,dove,0,5.0,balanced,"Unemployment remains low at 3.8%, indicating a strong labor market, but PCE inflation at 3.8% is well above target. Holding rates allows further assessment of economic conditions while supporting maximum employment.",0.7,1021
policy_persona,9,sc1,Scenario A,deepseek-v4-flash,dove,0,5.0,balanced,"Unemployment remains low at 3.8%, supporting maximum employment goals, but PCE inflation at 3.8% is above target. Given the need to balance both mandates, holding the rate steady is appropriate while monitoring further data.",0.7,962
policy_persona,10,sc1,Scenario A,deepseek-v4-flash,dove,0,5.0,balanced,"Unemployment remains low at 3.8%, indicating a strong labor market, but PCE inflation at 3.8% is above the 2% target. The balance between these factors suggests maintaining the current rate to support continued employment gains while monitoring inflation.",0.7,792
policy_persona,11,sc1,Scenario A,deepseek-v4-flash,dove,0,5.0,inflation,"With unemployment at 3.8% near full employment, but PCE inflation at 3.8% well above the 2% target and inflation expectations elevated at 2.7%, holding the rate steady allows time to assess incoming data without risking further inflationary pressures or undue harm to labor market conditions.",0.7,978
policy_persona,12,sc1,Scenario A,deepseek-v4-flash,dove,25,5.25,inflation,"PCE inflation at 3.8% remains well above the 2% target, and 5-year inflation expectations at 2.7% suggest de-anchoring risks. Although unemployment is low at 3.8%, the labor market remains strong, allowing for a modest rate hike to curb inflationary pressures.",0.7,825
policy_persona,13,sc1,Scenario A,deepseek-v4-flash,dove,0,5.0,inflation,"Unemployment remains low at 3.8%, indicating a strong labor market. However, PCE inflation at 3.8% is well above target, and 5-year inflation expectations at 2.7% suggest persistent inflationary pressures. Holding rates allows time to assess incoming data without preemptively tightening.",0.7,882
policy_persona,14,sc1,Scenario A,deepseek-v4-flash,dove,25,5.25,inflation,"PCE inflation remains elevated at 3.8%, well above the 2% target, and 5-year inflation expectations at 2.7% indicate some de-anchoring risk. However, with unemployment low at 3.8%, a modest 25 bps hike balances the need to curb inflation while supporting ongoing labor market strength.",0.7,908
policy_persona,15,sc1,Scenario A,deepseek-v4-flash,dove,0,5.0,balanced,"Unemployment remains low at 3.8%, indicating a strong labor market, but PCE inflation at 3.8% is still above the 2% target. Holding the rate steady allows time to assess whether inflation will moderate without risking employment gains.",0.7,903
policy_persona,1,sc2,Scenario B,deepseek-v4-flash,dove,-50,4.5,unemployment,"Unemployment is elevated at 6.0% and the real GDP index of 98.5 is below potential GDP of 100, indicating slack in the economy. With PCE inflation at 2.1% and inflation expectations anchored, there is room to cut rates to support employment without jeopardizing price stability.",0.85,739
policy_persona,2,sc2,Scenario B,deepseek-v4-flash,dove,-50,4.5,unemployment,"Unemployment at 6.0% is well above full employment, and real GDP at 98.5 is below potential, indicating a significant output gap. PCE inflation at 2.1% is near target, allowing room to ease policy. A 50 basis point cut aims to stimulate economic activity and reduce unemployment.",0.85,821
policy_persona,3,sc2,Scenario B,deepseek-v4-flash,dove,-50,4.5,unemployment,"Unemployment at 6.0% is well above the natural rate, and real GDP at 98.5 indicates a significant output gap. With PCE inflation at 2.1% and inflation expectations anchored, the priority is to stimulate employment by cutting rates aggressively.",0.85,726
policy_persona,4,sc2,Scenario B,deepseek-v4-flash,dove,-50,4.5,unemployment,"Unemployment at 6.0% is elevated, and real GDP (98.5) is below potential (100), indicating significant slack. PCE inflation at 2.1% and 5-year expectations at 2.1% are near target, allowing focus on maximum employment. A 50 basis point cut supports labor market recovery.",0.8,885
policy_persona,5,sc2,Scenario B,deepseek-v4-flash,dove,-50,4.5,unemployment,"The unemployment rate at 6.0% is well above estimates of full employment, indicating significant labor market slack. Real GDP at 98.5% of potential suggests the economy is underperforming. With PCE inflation at 2.1% and inflation expectations anchored, a 50 basis point cut to 4.50% is warranted to boost employment and close the output gap without fueling inflation.",0.8,816
policy_persona,6,sc2,Scenario B,deepseek-v4-flash,dove,-50,4.5,unemployment,"The unemployment rate at 6.0% is well above full employment, while GDP is below potential, signaling slack. PCE inflation at 2.1% is near target, allowing room to ease. A 50 bps cut supports maximum employment without risking price stability.",0.85,694
policy_persona,7,sc2,Scenario B,deepseek-v4-flash,dove,-25,4.75,unemployment,"The unemployment rate remains elevated at 6.0%, signaling significant slack in the labor market. With PCE inflation at 2.1% and inflation expectations stable, price stability is not an immediate concern. Cutting rates by 25 basis points aims to stimulate economic activity and reduce unemployment, consistent with the dual mandate.",0.8,744
policy_persona,8,sc2,Scenario B,deepseek-v4-flash,dove,-50,4.5,unemployment,"The unemployment rate at 6.0% is significantly elevated, and real GDP (98.5) is below potential (100), indicating slack in the economy. With PCE inflation at 2.1% and inflation expectations anchored, a 50 basis point cut is warranted to support maximum employment and boost economic activity.",0.85,699
policy_persona,9,sc2,Scenario B,deepseek-v4-flash,dove,-50,4.5,unemployment,"Unemployment at 6.0% is elevated and real GDP is 1.5% below potential, indicating slack in the economy. PCE inflation at 2.1% is at target, allowing for accommodative policy to support maximum employment.",0.9,751
policy_persona,10,sc2,Scenario B,deepseek-v4-flash,dove,-50,4.5,unemployment,"Unemployment is elevated at 6.0%, well above estimates of full employment, and real GDP is 98.5% of potential, indicating slack. Cutting rates by 50 basis points supports maximum employment while PCE inflation at 2.1% remains near target, allowing room for accommodation.",0.85,764
policy_persona,11,sc2,Scenario B,deepseek-v4-flash,dove,-50,4.5,unemployment,"Unemployment at 6.0% is elevated, indicating slack in labor market, while PCE inflation at 2.1% is near target. Real GDP index (98.5) below potential (100) further supports accommodative policy. A 50 bps cut aims to boost employment and close output gap.",0.9,831
policy_persona,12,sc2,Scenario B,deepseek-v4-flash,dove,-50,4.5,unemployment,"Unemployment at 6.0% is well above natural levels, and real GDP (98.5) is below potential (100), indicating slack. Cutting rates by 50 bps to 4.50% aims to stimulate economic activity and boost employment while inflation remains near target at 2.1%.",0.7,757
policy_persona,13,sc2,Scenario B,deepseek-v4-flash,dove,-25,4.75,unemployment,"Unemployment at 6.0% is significantly above full employment, and real GDP (98.5) is below potential (100), indicating slack. With PCE inflation at 2.1% and expectations well-anchored, easing policy to support maximum employment is warranted.",0.8,737
policy_persona,14,sc2,Scenario B,deepseek-v4-flash,dove,-50,4.5,unemployment,"Unemployment at 6.0% is elevated, signaling substantial labor market slack, while PCE inflation at 2.1% is at target, allowing for accommodation. Real GDP at 98.5 remains below potential, further justifying a rate cut to support employment and close the output gap.",0.8,756
policy_persona,15,sc2,Scenario B,deepseek-v4-flash,dove,-50,4.5,unemployment,"Unemployment at 6.0% is well above estimates of full employment, and real GDP (98.5) is below potential (100), indicating slack. With PCE inflation at 2.1% and expectations anchored, the priority is to stimulate hiring and growth. A 50 bps cut provides substantial support to the labor market while maintaining price stability.",0.8,840
policy_persona,1,sc3,Scenario C,deepseek-v4-flash,dove,-25,4.75,unemployment,"Unemployment at 4.9% is elevated relative to potential, indicating labor market slack. Real GDP index at 99.5 is below potential, suggesting weak economic activity. A modest rate cut aims to support employment and growth while maintaining vigilance on inflation, which remains above target but expectations are anchored.",0.65,866
policy_persona,2,sc3,Scenario C,deepseek-v4-flash,dove,-25,4.75,unemployment,"Unemployment at 4.9% is above the natural rate, and the real GDP index of 99.5 indicates the economy is operating below potential. While PCE inflation is 3.1%, 5-year inflation expectations remain anchored at 2.4%, reducing immediate inflation risk. A 25 basis point cut supports maximum employment while maintaining price stability.",0.7,757
policy_persona,3,sc3,Scenario C,deepseek-v4-flash,dove,-25,4.75,unemployment,"The unemployment rate at 4.9% indicates labor market slack, which warrants a rate cut to support maximum employment. Although PCE inflation at 3.1% is above target, 5-year inflation expectations remain well-anchored at 2.4%, reducing urgency to tighten. The GDP index at 99.5 relative to potential suggests economic weakness, reinforcing the need for accommodative policy.",0.7,808
policy_persona,4,sc3,Scenario C,deepseek-v4-flash,dove,-25,4.75,unemployment,"The unemployment rate at 4.9% is elevated, signaling labor market slack, and the real GDP index of 99.5 indicates output below potential. While PCE inflation remains above target at 3.1%, anchored expectations at 2.4% support a modest rate cut to foster maximum employment.",0.7,886
policy_persona,5,sc3,Scenario C,deepseek-v4-flash,dove,-25,4.75,unemployment,"The unemployment rate at 4.9% remains elevated above its natural level, and real GDP is below potential, indicating continued slack. Despite PCE inflation at 3.1%, forward expectations are anchored near 2.4%, supporting a measured cut to bolster employment without unhinging inflation.",0.8,771
policy_persona,6,sc3,Scenario C,deepseek-v4-flash,dove,-25,4.75,unemployment,"The unemployment rate at 4.9% and real GDP below potential (99.5 vs 100) indicate labor market slack and underperformance. While PCE inflation at 3.1% is above target, inflation expectations remain anchored at 2.4%, allowing for a modest rate cut to support employment without risking de-anchoring.",0.7,711
policy_persona,7,sc3,Scenario C,deepseek-v4-flash,dove,-25,4.75,unemployment,"With the unemployment rate at 4.9% and real GDP slightly below potential (99.5 vs 100), the labor market shows slack. A modest rate cut supports maximum employment while still monitoring PCE inflation at 3.1%, which remains above target but with stable 5-year expectations at 2.4%.",0.7,790
policy_persona,8,sc3,Scenario C,deepseek-v4-flash,dove,-25,4.75,unemployment,"Unemployment at 4.9% is elevated, indicating labor market slack, and real GDP is below potential (99.5 vs 100). While PCE inflation at 3.1% remains above target, 5-year inflation expectations are anchored at 2.4%, allowing room to cut rates to support employment.",0.75,765
policy_persona,9,sc3,Scenario C,deepseek-v4-flash,dove,0,5.0,balanced,"Unemployment at 4.9% suggests labor market conditions are near full employment, while PCE inflation at 3.1% remains above the 2% target. However, 5-year inflation expectations at 2.4% indicate anchored expectations, allowing the Committee to maintain the current rate. Holding steady balances the dual mandate concerns without exacerbating inflationary pressures or hindering employment growth.",0.7,916
policy_persona,10,sc3,Scenario C,deepseek-v4-flash,dove,-25,4.75,unemployment,"The unemployment rate at 4.9% remains above our estimate of the natural rate, indicating slack in the labor market that warrants support. Meanwhile, PCE inflation at 3.1% is above target but 5-year inflation expectations are well-anchored at 2.4%, allowing room for a modest rate cut. The real GDP index slightly below potential further justifies easing to boost economic activity.",0.7,824
policy_persona,11,sc3,Scenario C,deepseek-v4-flash,dove,-25,4.75,unemployment,"Unemployment at 4.9% remains elevated above its natural rate, signaling slack in the labor market. Meanwhile, PCE inflation at 3.1% is above target but 5-year expectations remain anchored at 2.4%, suggesting that price pressures may moderate. A modest rate cut aims to support maximum employment without compromising price stability.",0.7,801
policy_persona,12,sc3,Scenario C,deepseek-v4-flash,dove,-25,4.75,unemployment,"Unemployment at 4.9% is above the natural rate, signaling labor market slack, while real GDP (99.5) remains below potential (100). A rate cut supports maximum employment and economic activity, with inflation expectations anchored at 2.4% mitigating price stability risks.",0.7,814
policy_persona,13,sc3,Scenario C,deepseek-v4-flash,dove,-25,4.75,unemployment,"The unemployment rate at 4.9% remains elevated above the natural rate, indicating slack in the labor market. Meanwhile, PCE inflation at 3.1% is still above target but moderating, allowing for a measured easing to support maximum employment.",0.7,722
policy_persona,14,sc3,Scenario C,deepseek-v4-flash,dove,-25,4.75,unemployment,"Unemployment at 4.9% remains elevated, indicating labor market slack, while real GDP (99.5) is below potential (100). Despite PCE inflation at 3.1%, anchored inflation expectations (2.4%) allow for a modest rate cut to support employment and close the output gap.",0.8,775
policy_persona,15,sc3,Scenario C,deepseek-v4-flash,dove,-25,4.75,unemployment,"Unemployment at 4.9% remains elevated above the natural rate, signaling labor market slack that requires accommodative policy. While PCE inflation at 3.1% is above target, anchored expectations at 2.4% suggest the overshoot is transitory, allowing for a gradual easing. GDP below potential further supports a rate cut to stimulate economic activity.",0.7,743
policy_persona,1,sc1,Scenario A,deepseek-v4-flash,centrist,25,5.25,inflation,"PCE inflation at 3.8% remains well above the 2% target, while unemployment at 3.8% suggests a tight labor market. A 25 basis point hike addresses inflation pressures without overly disrupting economic activity.",0.7,755
policy_persona,2,sc1,Scenario A,deepseek-v4-flash,centrist,25,5.25,inflation,"PCE inflation at 3.8% remains well above the 2% target, and 5-year inflation expectations at 2.7% are elevated. The economy is operating above potential (GDP index 101 vs potential 100), suggesting demand pressure. A modest rate hike helps anchor inflation expectations while maintaining support for the strong labor market (unemployment 3.8%).",0.75,1007
policy_persona,3,sc1,Scenario A,deepseek-v4-flash,centrist,25,5.25,inflation,"PCE inflation at 3.8% remains well above the 2% target, and 5-year inflation expectations at 2.7% suggest persistent price pressures. Meanwhile, unemployment at 3.8% indicates a tight labor market, supporting the case for a gradual tightening. A 25 bps hike balances the need to curb inflation with the goal of sustaining maximum employment.",0.7,815
policy_persona,4,sc1,Scenario A,deepseek-v4-flash,centrist,25,5.25,inflation,"PCE inflation at 3.8% is well above the 2% target and 5-year inflation expectations are elevated at 2.7%, indicating persistent inflationary pressures. The unemployment rate at 3.8% is below estimates of the natural rate, and real GDP is above potential, suggesting a tight labor market and overheating economy. A 25 basis point hike is appropriate to gradually tighten policy and bring inflation down without overly disrupting maximum employment.",0.7,938
policy_persona,5,sc1,Scenario A,deepseek-v4-flash,centrist,25,5.25,inflation,"PCE inflation at 3.8% remains well above the 2% target, and the unemployment rate at 3.8% indicates a tight labor market that could fuel further wage pressures. Additionally, 5-year inflation expectations at 2.7% suggest inflation is not yet anchored, warranting a modest rate increase to ensure price stability.",0.75,879
policy_persona,6,sc1,Scenario A,deepseek-v4-flash,centrist,25,5.25,inflation,"PCE inflation at 3.8% remains well above the 2% target, and 5-year inflation expectations at 2.7% indicate persistent inflationary pressures. With unemployment at 3.8% and GDP slightly above potential, a modest 25 bps hike balances the need to contain inflation without derailing the labor market.",0.7,728
policy_persona,7,sc1,Scenario A,deepseek-v4-flash,centrist,25,5.25,inflation,"PCE inflation at 3.8% remains well above the 2% target, while unemployment at 3.8% indicates a tight labor market. The output gap is slightly positive as real GDP exceeds potential. A modest 25 basis point hike aims to gradually bring inflation down without risking a sharp slowdown.",0.7,1004
policy_persona,8,sc1,Scenario A,deepseek-v4-flash,centrist,25,5.25,inflation,"PCE inflation at 3.8% is significantly above the 2% target, and 5-year inflation expectations at 2.7% suggest a risk of de-anchoring. With GDP above potential and unemployment low, a 25 basis point hike is warranted to address inflation without overly tightening.",0.8,800
policy_persona,9,sc1,Scenario A,deepseek-v4-flash,centrist,25,5.25,inflation,"PCE inflation remains elevated at 3.8%, well above the 2% target, and the unemployment rate at 3.8% indicates a tight labor market, contributing to inflationary pressures. A 25 basis point hike aims to gradually cool demand and anchor inflation expectations without over-tightening.",0.7,889
policy_persona,10,sc1,Scenario A,deepseek-v4-flash,centrist,25,5.25,inflation,"PCE inflation at 3.8% remains well above the 2% target, and 5-year inflation expectations at 2.7% suggest elevated price pressures. Given low unemployment at 3.8% and GDP above potential, a modest rate hike is warranted to curb inflation without overly dampening economic activity.",0.7,744
policy_persona,11,sc1,Scenario A,deepseek-v4-flash,centrist,25,5.25,inflation,"PCE inflation at 3.8% remains well above the 2% target, and unemployment at 3.8% indicates a tight labor market. These conditions warrant a modest rate increase to curb inflationary pressures and anchor expectations.",0.7,986
policy_persona,12,sc1,Scenario A,deepseek-v4-flash,centrist,25,5.25,inflation,"PCE inflation at 3.8% remains well above the 2% target, and real GDP above potential suggests the economy is overheating. A 25 bps hike aims to curb inflationary pressures while maintaining support for maximum employment given low unemployment at 3.8%.",0.75,732
policy_persona,13,sc1,Scenario A,deepseek-v4-flash,centrist,25,5.25,inflation,"PCE inflation at 3.8% remains well above the 2% target, and 5-year inflation expectations at 2.7% indicate some de-anchoring. Despite unemployment at a low 3.8%, the economy is operating above potential (GDP index 101 vs 100), supporting a modest rate hike to gradually cool inflationary pressures. A 25-basis-point increase balances the need to tighten policy further while avoiding a sharp slowdown in labor markets.",0.7,856
policy_persona,14,sc1,Scenario A,deepseek-v4-flash,centrist,25,5.25,inflation,"PCE inflation at 3.8% remains well above target, while unemployment at 3.8% is low, indicating a tight labor market. A modest rate hike is warranted to anchor inflation expectations and sustain maximum employment.",0.8,737
policy_persona,15,sc1,Scenario A,deepseek-v4-flash,centrist,25,5.25,inflation,"PCE inflation at 3.8% remains well above the 2% target, while unemployment at 3.8% signals a tight labor market. A modest rate hike is needed to curb inflationary pressures and anchor expectations.",0.8,734
policy_persona,1,sc2,Scenario B,deepseek-v4-flash,centrist,-25,4.75,unemployment,"Unemployment at 6.0% is significantly above full employment levels, while PCE inflation at 2.1% is on target. Real GDP at 98.5 is below potential, indicating economic slack. A 25 bps cut supports maximum employment without risking inflation overshoot.",0.8,884
policy_persona,2,sc2,Scenario B,deepseek-v4-flash,centrist,-25,4.75,unemployment,"The unemployment rate at 6.0% is elevated and GDP is below potential (98.5 vs 100), indicating significant economic slack. Meanwhile, PCE inflation at 2.1% and inflation expectations at 2.1% are on target, allowing room for an accommodative policy to support employment without risking overheating.",0.75,849
policy_persona,3,sc2,Scenario B,deepseek-v4-flash,centrist,-25,4.75,unemployment,"PCE inflation is at 2.1%, close to the 2% target, while unemployment is elevated at 6.0% and GDP is below potential. A 25 basis point cut supports maximum employment without risking inflation stability.",0.7,1188
policy_persona,4,sc2,Scenario B,deepseek-v4-flash,centrist,-25,4.75,unemployment,"Unemployment at 6.0% is elevated and GDP index of 98.5 is below potential, while PCE inflation at 2.1% is at target. A 25 bps cut supports maximum employment without fueling inflation.",0.8,786
policy_persona,5,sc2,Scenario B,deepseek-v4-flash,centrist,-25,4.75,unemployment,"Unemployment at 6.0% is well above estimates of the natural rate, indicating significant slack, while PCE inflation at 2.1% is at target and expectations are anchored. The real GDP index of 98.5 is below potential, supporting a modest rate cut to boost employment without risking overheating.",0.75,779
policy_persona,6,sc2,Scenario B,deepseek-v4-flash,centrist,-25,4.75,unemployment,"Unemployment is elevated at 6.0%, above estimates of full employment, while PCE inflation is at 2.1%, near target. Real GDP is below potential (98.5 vs 100), indicating economic slack. A 25 bps cut supports maximum employment without significantly risking price stability.",0.8,935
policy_persona,7,sc2,Scenario B,deepseek-v4-flash,centrist,-25,4.75,unemployment,"Unemployment at 6.0% is elevated, indicating slack in the labor market, while PCE inflation at 2.1% is at target. To support maximum employment, a 25 basis point cut is warranted.",0.8,781
policy_persona,8,sc2,Scenario B,deepseek-v4-flash,centrist,-25,4.75,unemployment,"Unemployment at 6.0% is significantly above estimates of full employment, while PCE inflation at 2.1% remains at target and inflation expectations are well-anchored. The output gap (GDP index 98.5 vs potential 100) indicates slack in the economy, supporting a modest rate cut to foster maximum employment without jeopardizing price stability.",0.8,862
policy_persona,9,sc2,Scenario B,deepseek-v4-flash,centrist,-25,4.75,unemployment,"With unemployment at 6.0% and PCE inflation at 2.1%, inflation is at target but labor slack persists. A 25 bps cut supports maximum employment while maintaining price stability, given the negative output gap of -1.5% relative to potential GDP.",0.8,853
policy_persona,10,sc2,Scenario B,deepseek-v4-flash,centrist,-25,4.75,unemployment,"Unemployment at 6.0% is well above estimates of full employment, and real GDP at 98.5 is below potential GDP of 100, indicating slack. With PCE inflation at 2.1% and inflation expectations anchored at 2.1%, a modest rate cut can support economic activity without risking an inflation overshoot.",0.75,1086
policy_persona,11,sc2,Scenario B,deepseek-v4-flash,centrist,-25,4.75,unemployment,"Unemployment at 6.0% is elevated above estimates of the natural rate, indicating labor market slack, while PCE inflation at 2.1% is near target. Real GDP at 98.5 below potential suggests need for accommodative policy to support growth.",0.7,707
policy_persona,12,sc2,Scenario B,deepseek-v4-flash,centrist,-25,4.75,unemployment,"Unemployment at 6.0% is significantly above full employment, while PCE inflation of 2.1% remains at target. Real GDP index at 98.5 indicates economic slack below potential. A modest rate cut helps support maximum employment without jeopardizing price stability.",0.75,939
policy_persona,13,sc2,Scenario B,deepseek-v4-flash,centrist,-25,4.75,unemployment,"Unemployment at 6.0% is elevated, signaling significant labor market slack, while PCE inflation at 2.1% is near the 2% target. Additionally, real GDP at 98.5 is below potential GDP of 100, indicating a negative output gap. A modest 25bps rate cut aims to support employment and growth without stoking inflation.",0.7,870
policy_persona,14,sc2,Scenario B,deepseek-v4-flash,centrist,-25,4.75,unemployment,"Unemployment at 6.0% is well above estimates of full employment, while PCE inflation at 2.1% is on target. A 25 bps cut supports maximum employment without stoking inflation, given anchored expectations.",0.7,795
policy_persona,15,sc2,Scenario B,deepseek-v4-flash,centrist,-25,4.75,unemployment,"Unemployment at 6.0% is elevated, indicating slack in the labor market, while PCE inflation at 2.1% is near the target. Reducing the federal funds rate by 25 basis points supports economic activity and employment without risking a significant overshoot of inflation.",0.8,984
policy_persona,1,sc3,Scenario C,deepseek-v4-flash,centrist,0,5.0,balanced,"PCE inflation at 3.1% remains above the 2% target, but the Real GDP index of 99.5 indicates the economy is operating slightly below potential, while the unemployment rate at 4.9% is near estimates of natural rate. Weighing these factors, maintaining the current rate balances inflation and employment concerns.",0.7,768
policy_persona,2,sc3,Scenario C,deepseek-v4-flash,centrist,0,5.0,balanced,"Unemployment at 4.9% indicates slack, while PCE inflation at 3.1% remains above target. Given the balanced risks to both mandates, holding the rate steady allows assessment of incoming data while maintaining a restrictive stance. The negative output gap supports caution in tightening further.",0.75,1107
policy_persona,3,sc3,Scenario C,deepseek-v4-flash,centrist,25,5.25,inflation,"PCE inflation remains above the 2% target at 3.1%, while the GDP index at 99.5 is slightly below potential, suggesting some economic slack. A 25 bps hike aims to continue moderating inflation without undermining the still-close-to-full employment labor market.",0.7,794
policy_persona,4,sc3,Scenario C,deepseek-v4-flash,centrist,0,5.0,balanced,"PCE inflation at 3.1% remains above the 2% target, while unemployment at 4.9% is near estimates of the natural rate. Real GDP at 99.5 is slightly below potential, indicating modest slack. Holding the rate steady balances the risks of persistent inflation against potential softening in the labor market.",0.7,1003
policy_persona,5,sc3,Scenario C,deepseek-v4-flash,centrist,0,5.0,balanced,"PCE inflation at 3.1% remains above the 2% target, but 5-year inflation expectations are anchored at 2.4%. Unemployment at 4.9% is near full employment, and GDP at 99.5 slightly below potential suggests some slack. Holding rates steady balances price stability and maximum employment.",0.7,791
policy_persona,6,sc3,Scenario C,deepseek-v4-flash,centrist,0,5.0,balanced,"PCE inflation at 3.1% remains above the 2% target, while unemployment at 4.9% is near natural rate estimates and real GDP is slightly below potential. Holding the federal funds rate at 5.0% balances the need to curb inflation without undermining economic growth. Financial stability considerations also support a cautious approach.",0.7,1088
policy_persona,7,sc3,Scenario C,deepseek-v4-flash,centrist,-25,4.75,balanced,"PCE inflation at 3.1% remains above the 2% target, but 5-year inflation expectations are anchored at 2.4%. Meanwhile, unemployment at 4.9% is above potential, and real GDP at 99.5 is slightly below potential GDP of 100. A 25 basis point cut reduces restrictiveness to support employment and growth while still maintaining a stance that addresses inflation risks.",0.7,942
policy_persona,8,sc3,Scenario C,deepseek-v4-flash,centrist,0,5.0,balanced,"PCE inflation at 3.1% remains above the 2% target, but 5-year inflation expectations are anchored at 2.4%. Real GDP is slightly below potential, indicating economic slack. Given the balanced risks to price stability and maximum employment, maintaining the current rate is appropriate.",0.7,949
policy_persona,9,sc3,Scenario C,deepseek-v4-flash,centrist,0,5.0,balanced,"PCE inflation at 3.1% remains above the 2% target, while unemployment at 4.9% is near estimates of the natural rate. Real GDP at 99.5 is slightly below potential, indicating some economic slack. Given these mixed signals, maintaining the current rate balances inflation and employment objectives.",0.65,846
policy_persona,10,sc3,Scenario C,deepseek-v4-flash,centrist,-25,4.75,balanced,"PCE inflation at 3.1% remains above the 2% target, but 5-year inflation expectations are stable at 2.4%. Meanwhile, real GDP at 99.5 is below potential, indicating economic slack, and unemployment at 4.9% is near full employment. A modest rate cut supports maximum employment while maintaining credibility on inflation.",0.7,986
policy_persona,11,sc3,Scenario C,deepseek-v4-flash,centrist,0,5.0,balanced,"PCE inflation at 3.1% remains above the 2% target, but 5-year inflation expectations are anchored at 2.4%, suggesting no de-anchoring. The unemployment rate of 4.9% is slightly above estimates of the natural rate, and real GDP at 99.5 is below potential, indicating some economic slack. Balancing these factors, maintaining the current rate allows further assessment of incoming data.",0.75,784
policy_persona,12,sc3,Scenario C,deepseek-v4-flash,centrist,0,5.0,balanced,"PCE inflation at 3.1% remains above the 2% target, but the real GDP index of 99.5 indicates a slight output gap, and the unemployment rate of 4.9% is near estimates of full employment. Holding rates allows time to assess whether inflation will continue to moderate without tightening further.",0.7,1024
policy_persona,13,sc3,Scenario C,deepseek-v4-flash,centrist,0,5.0,inflation,"PCE inflation at 3.1% remains above the 2% target, warranting a cautious stance. However, the real GDP index at 99.5 indicates output slightly below potential, and unemployment at 4.9% is not signaling labor market tightness. Holding rates allows for continued monitoring without risking undue economic slowdown.",0.7,834
policy_persona,14,sc3,Scenario C,deepseek-v4-flash,centrist,0,5.0,balanced,"PCE inflation at 3.1% remains above the 2% target, but the unemployment rate of 4.9% is above estimates of the natural rate, and GDP is slightly below potential. Holding the rate allows time to assess incoming data while balancing price stability and maximum employment.",0.7,1067
policy_persona,15,sc3,Scenario C,deepseek-v4-flash,centrist,0,5.0,balanced,"PCE inflation at 3.1% remains above the 2% target, but 5-year inflation expectations at 2.4% are anchored. Unemployment at 4.9% is low, while real GDP at 99.5 is slightly below potential. Balancing these factors, holding the rate steady supports continued progress on inflation without harming employment.",0.7,981
no_persona,1,sc1,Scenario A,deepseek-v4-flash,none,50,5.5,inflation,"PCE inflation at 3.8% remains well above the 2% target, and unemployment at 3.8% is near historical lows, signaling a tight labor market. With GDP slightly above potential, raising rates by 50 bps is necessary to curb inflationary pressures and anchor expectations.",0.85,719
no_persona,2,sc1,Scenario A,deepseek-v4-flash,none,50,5.5,inflation,"PCE inflation at 3.8% remains well above the 2% target, and the unemployment rate at 3.8% indicates a tight labor market. Despite 5-year inflation expectations at 2.7%, the sustained high inflation and positive output gap necessitate further tightening to anchor expectations and bring inflation down.",0.85,777
no_persona,3,sc1,Scenario A,deepseek-v4-flash,none,25,5.25,inflation,"PCE inflation at 3.8% remains well above the 2% target, and the unemployment rate at 3.8% is below the natural rate, indicating a tight labor market. These factors warrant a 25 basis point hike to preemptively curb inflationary pressures and maintain credibility.",0.8,668
no_persona,4,sc1,Scenario A,deepseek-v4-flash,none,50,5.5,inflation,"PCE inflation at 3.8% remains well above the 2% target, and the economy is operating above potential (real GDP index 101 vs potential 100), indicating excess demand. A 50 basis point hike is needed to tighten financial conditions and anchor inflation expectations, which are elevated at 2.7%. The low unemployment rate of 3.8% suggests the labor market can withstand tighter policy.",0.8,928
no_persona,5,sc1,Scenario A,deepseek-v4-flash,none,50,5.5,inflation,"PCE inflation at 3.8% is significantly above our 2% target, indicating persistent inflationary pressures. Additionally, the real GDP index at 101.0 exceeds potential GDP, suggesting the economy is operating above capacity, which risks further inflation. A 50bps hike will tighten financial conditions to curb demand and bring inflation back to target.",0.8,794
no_persona,6,sc1,Scenario A,deepseek-v4-flash,none,25,5.25,inflation,"PCE inflation at 3.8% remains well above the 2% target, and the unemployment rate at 3.8% indicates a tight labor market. Raising the federal funds rate by 25 basis points is necessary to moderate demand and bring inflation back to target.",0.8,801
no_persona,7,sc1,Scenario A,deepseek-v4-flash,none,50,5.5,inflation,"PCE inflation at 3.8% remains well above the 2% target, while the unemployment rate at 3.8% indicates a tight labor market that could fuel wage pressures. A 50 bps hike is necessary to preemptively address persistent inflation and anchor inflation expectations, which are elevated at 2.7%.",0.8,707
no_persona,8,sc1,Scenario A,deepseek-v4-flash,none,25,5.25,inflation,"PCE inflation is at 3.8%, significantly above the 2% target, and the economy is operating above potential with a Real GDP index of 101.0. A rate hike is necessary to curb inflationary pressures and anchor inflation expectations.",0.8,947
no_persona,9,sc1,Scenario A,deepseek-v4-flash,none,25,5.25,inflation,"PCE inflation at 3.8% remains well above the 2% target, and the unemployment rate at 3.8% indicates a tight labor market that could sustain wage pressures. Given the economy operating slightly above potential (GDP index 101 vs 100), a modest rate hike is warranted to gradually bring inflation down.",0.7,781
no_persona,10,sc1,Scenario A,deepseek-v4-flash,none,25,5.25,inflation,"PCE inflation at 3.8% remains well above the 2% target, and the unemployment rate at 3.8% indicates a tight labor market. While 5-year inflation expectations at 2.7% are elevated, a modest rate hike is warranted to gradually bring inflation down without disrupting economic growth.",0.8,717
no_persona,11,sc1,Scenario A,deepseek-v4-flash,none,25,5.25,inflation,"PCE inflation at 3.8% is significantly above the 2% target, and 5-year inflation expectations at 2.7% indicate potential de-anchoring. With unemployment at a low 3.8% and real GDP slightly above potential, the economy is operating above capacity, warranting a rate hike to preempt further inflationary pressures.",0.85,697
no_persona,12,sc1,Scenario A,deepseek-v4-flash,none,25,5.25,inflation,"PCE inflation at 3.8% remains well above the 2% target, and 5-year inflation expectations at 2.7% suggest persistent price pressures. With unemployment low at 3.8% and real GDP above potential, the economy is operating above capacity, warranting further tightening to bring inflation down. A 25 bps hike aligns with the FOMC's commitment to price stability.",0.75,757
no_persona,13,sc1,Scenario A,deepseek-v4-flash,none,25,5.25,inflation,"PCE inflation at 3.8% remains well above the 2% target, and 5-year inflation expectations at 2.7% suggest de-anchoring risks. Additionally, real GDP exceeds potential GDP, indicating an overheating economy that warrants tighter policy to preempt further inflationary pressures.",0.7,703
no_persona,14,sc1,Scenario A,deepseek-v4-flash,none,25,5.25,inflation,"PCE inflation remains elevated at 3.8%, well above the 2% target, while 5-year inflation expectations have risen to 2.7%. The positive output gap (GDP index 101 vs potential 100) suggests the economy is operating above potential, adding to inflationary pressures. A modest rate hike is warranted to prevent inflation from becoming entrenched.",0.75,745
no_persona,15,sc1,Scenario A,deepseek-v4-flash,none,50,5.5,inflation,"PCE inflation at 3.8% remains well above the 2% target, and 5-year inflation expectations at 2.7% suggest de-anchoring risks. With the real GDP index exceeding potential GDP, the economy is operating above capacity, warranting a preemptive tightening to curb inflationary pressures.",0.85,725
no_persona,1,sc2,Scenario B,deepseek-v4-flash,none,-25,4.75,unemployment,"Unemployment at 6.0% is above the natural rate, and real GDP index at 98.5 is below potential, indicating slack. PCE inflation at 2.1% is near target, allowing room for easing.",0.8,817
no_persona,2,sc2,Scenario B,deepseek-v4-flash,none,-25,4.75,unemployment,"The unemployment rate at 6.0% is significantly elevated, indicating slack in the labor market. Meanwhile, the Real GDP index (98.5) remains below potential (100), suggesting weak economic activity. With PCE inflation at 2.1% and inflation expectations anchored, there is room to ease monetary policy to support employment and growth. A 25 basis point cut is warranted to stimulate the economy.",0.85,840
no_persona,3,sc2,Scenario B,deepseek-v4-flash,none,-25,4.75,unemployment,"Unemployment at 6.0% is elevated, indicating slack in the labor market. Real GDP index at 98.5 is below potential, suggesting economic weakness. With PCE inflation at 2.1% near target, a 25bps rate cut supports employment and growth without risking inflation overshoot.",0.7,656
no_persona,4,sc2,Scenario B,deepseek-v4-flash,none,-50,4.5,unemployment,"The unemployment rate at 6.0% is elevated, indicating significant labor market slack. Additionally, real GDP at 98.5 is below potential GDP of 100, confirming a negative output gap. To support economic activity and move toward maximum employment, a 50 basis point cut in the federal funds rate is warranted.",0.8,765
no_persona,5,sc2,Scenario B,deepseek-v4-flash,none,-25,4.75,unemployment,"Unemployment is elevated at 6.0%, well above estimates of the natural rate, and real GDP at 98.5 is below potential GDP of 100, indicating significant economic slack. With PCE inflation at 2.1% and inflation expectations well-anchored, there is no immediate inflationary pressure. A 25 basis point cut supports employment and growth without overstimulating.",0.75,877
no_persona,6,sc2,Scenario B,deepseek-v4-flash,none,-25,4.75,unemployment,"Given the elevated unemployment rate of 6.0% and real GDP at 98.5, below potential, the economy requires stimulus. PCE inflation at 2.1% is near target, allowing for a rate cut without immediate inflationary concerns.",0.7,714
no_persona,7,sc2,Scenario B,deepseek-v4-flash,none,-25,4.75,unemployment,"The unemployment rate at 6.0% is elevated and real GDP index at 98.5 is below potential, indicating economic slack. Cutting the rate by 25 bps to 4.75% should support employment and growth while inflation remains near the 2% target.",0.8,751
no_persona,8,sc2,Scenario B,deepseek-v4-flash,none,-25,4.75,unemployment,"The unemployment rate has risen to 6.0%, indicating labor market slack, while the real GDP index at 98.5 is below potential GDP, suggesting economic underperformance. With PCE inflation at 2.1% near target, the primary concern is supporting employment. A 25 basis point cut aims to stimulate economic activity without risking significant inflationary pressure.",0.8,770
no_persona,9,sc2,Scenario B,deepseek-v4-flash,none,-25,4.75,unemployment,"Given the elevated unemployment rate of 6.0% and real GDP index of 98.5 below potential GDP of 100, the economy requires stimulus to support growth. PCE inflation at 2.1% is near target, allowing room for a modest rate cut without stoking inflationary pressures.",0.8,684
no_persona,10,sc2,Scenario B,deepseek-v4-flash,none,-50,4.5,unemployment,"Unemployment at 6.0% is elevated and real GDP index of 98.5 is below potential GDP of 100, indicating significant slack. PCE inflation at 2.1% is near target, allowing focus on employment. A 50 bps cut supports economic recovery.",0.8,745
no_persona,11,sc2,Scenario B,deepseek-v4-flash,none,-25,4.75,unemployment,"With unemployment at 6.0% and real GDP below potential (98.5 vs 100), easing monetary policy is warranted to support economic activity. PCE inflation at 2.1% is near target, allowing room for a rate cut.",0.8,671
no_persona,12,sc2,Scenario B,deepseek-v4-flash,none,-25,4.75,unemployment,"The unemployment rate at 6.0% indicates significant labor market slack, and real GDP index of 98.5 is below potential GDP of 100, suggesting economic weakness. With PCE inflation at 2.1% near target and inflation expectations anchored, easing monetary policy is warranted to support employment and output.",0.7,768
no_persona,13,sc2,Scenario B,deepseek-v4-flash,none,-25,4.75,unemployment,"Unemployment at 6% is well above estimates of the natural rate, signaling significant slack in the labor market. Real GDP at 98.5 is below potential GDP of 100, indicating underperformance. PCE inflation at 2.1% is near target and expectations are anchored at 2.1%, so inflation is not a current concern. A 25bp rate cut is warranted to support employment and output without overstimulating the economy.",0.85,819
no_persona,14,sc2,Scenario B,deepseek-v4-flash,none,-50,4.5,unemployment,"Unemployment at 6.0% is elevated, indicating slack, while real GDP (98.5) is below potential (100), suggesting economic weakness. With PCE inflation at 2.1% near target and inflation expectations anchored, a rate cut is appropriate to support employment and growth.",0.85,929
no_persona,15,sc2,Scenario B,deepseek-v4-flash,none,-50,4.5,unemployment,"The unemployment rate at 6.0% is well above levels consistent with maximum employment, and the real GDP index at 98.5 indicates a significant output gap below potential. With PCE inflation at 2.1% near target and inflation expectations anchored, easing monetary policy is appropriate to support economic activity and labor market improvement.",0.85,767
no_persona,1,sc3,Scenario C,deepseek-v4-flash,none,0,5.0,inflation,"PCE inflation at 3.1% remains above the 2% target, necessitating a hold to assess further progress. Although the real GDP index (99.5) is slightly below potential, the low unemployment rate (4.9%) suggests labor market tightness, justifying a steady rate. Balancing these factors, maintaining the current rate supports credibility while allowing time to gauge inflation trends.",0.7,1007
no_persona,2,sc3,Scenario C,deepseek-v4-flash,none,0,5.0,inflation,"PCE inflation at 3.1% remains above the 2% target, while the unemployment rate at 4.9% is near its natural level. However, real GDP at 99.5 is slightly below potential, suggesting some economic slack. Given these mixed signals, holding the rate steady allows for further observation of economic trends.",0.7,1044
no_persona,3,sc3,Scenario C,deepseek-v4-flash,none,25,5.25,inflation,"PCE inflation at 3.1% remains above the 2% target, and 5-year inflation expectations at 2.4% are still elevated, indicating persistent inflationary pressures. The output gap, with real GDP at 99.5 versus potential GDP at 100, suggests some economic slack, but inflation concerns warrant a moderate tightening. Therefore, a 25-basis-point hike is appropriate to gradually reduce inflation without overly restraining growth.",0.7,849
no_persona,4,sc3,Scenario C,deepseek-v4-flash,none,25,5.25,inflation,"PCE inflation at 3.1% remains above the 2% target, while the output gap is small with real GDP at 99.5 relative to potential. A modest rate hike is warranted to preempt inflation persistence, despite unemployment not being excessively low. This action balances the need for price stability with the moderate labor market conditions.",0.7,995
no_persona,5,sc3,Scenario C,deepseek-v4-flash,none,0,5.0,inflation,"PCE inflation at 3.1% remains above the 2% target, signaling persistent price pressures despite anchored expectations at 2.4%. Meanwhile, real GDP at 99.5 is slightly below potential, but the output gap is minimal, suggesting the economy is near full capacity. Holding the rate allows time to assess inflation trends without risking a premature easing that could reignite inflationary pressures.",0.75,1144
no_persona,6,sc3,Scenario C,deepseek-v4-flash,none,0,5.0,inflation,"PCE inflation at 3.1% remains above the 2% target, indicating persistent price pressures. Although real GDP is slightly below potential, unemployment at 4.9% suggests the labor market is not under severe stress, so maintaining the current rate balances inflation concerns with economic stability.",0.7,628
no_persona,7,sc3,Scenario C,deepseek-v4-flash,none,0,5.0,inflation,"PCE inflation at 3.1% is above the 2% target, warranting a hold to ensure inflation declines further. Meanwhile, real GDP at 99.5% of potential suggests the economy is not overheating, and unemployment at 4.9% is near full employment, supporting a steady rate.",0.8,891
no_persona,8,sc3,Scenario C,deepseek-v4-flash,none,25,5.25,inflation,"PCE inflation at 3.1% remains above the 2% target, and 5-year inflation expectations at 2.4% indicate persistent price pressures. Although real GDP is slightly below potential, the priority is to ensure inflation returns to target, warranting a modest rate hike.",0.7,971
no_persona,9,sc3,Scenario C,deepseek-v4-flash,none,25,5.25,inflation,"PCE inflation at 3.1% remains above the 2% target, warranting further tightening. However, real GDP at 99.5 is below potential GDP of 100, indicating a slight output gap that moderates the urgency. A 25 bps hike balances the need to curb inflation without over-restricting the economy.",0.7,831
no_persona,10,sc3,Scenario C,deepseek-v4-flash,none,25,5.25,inflation,"PCE inflation at 3.1% remains above the 2% target, while 5-year inflation expectations at 2.4% indicate a risk of de-anchoring. With real GDP only slightly below potential, a modest rate hike can help tame inflation without severely harming economic activity.",0.7,905
no_persona,11,sc3,Scenario C,deepseek-v4-flash,none,0,5.0,inflation,"PCE inflation at 3.1% remains above the 2% target, while the unemployment rate at 4.9% indicates some softening in the labor market. Given the output gap (GDP index 99.5 vs potential 100), holding the rate allows time to assess incoming data without risking further inflation persistence.",0.7,896
no_persona,12,sc3,Scenario C,deepseek-v4-flash,none,25,5.25,inflation,"PCE inflation at 3.1% remains above the 2% target, and 5-year inflation expectations at 2.4% indicate persistent inflation pressures. Additionally, the real GDP index at 99.5 shows the economy operating slightly below potential, but the labor market remains tight with unemployment at 4.9%.",0.75,791
no_persona,13,sc3,Scenario C,deepseek-v4-flash,none,25,5.25,inflation,"PCE inflation at 3.1% remains above the 2% target, and 5-year inflation expectations at 2.4% indicate unanchored expectations. Despite unemployment at 4.9% near full employment, the need to curb inflation justifies a 25 bps hike to ensure price stability.",0.85,732
no_persona,14,sc3,Scenario C,deepseek-v4-flash,none,25,5.25,inflation,"PCE inflation at 3.1% remains above the 2% target, necessitating further tightening to ensure price stability. The unemployment rate of 4.9% indicates a strong labor market, supporting a modest rate hike. Additionally, inflation expectations at 2.4% are relatively anchored, reducing the risk of de-anchoring.",0.7,858
no_persona,15,sc3,Scenario C,deepseek-v4-flash,none,25,5.25,inflation,"PCE inflation remains elevated at 3.1%, above the 2% target, while the output gap is small with real GDP at 99.5 relative to potential. A modest rate hike is warranted to ensure inflation expectations remain anchored and to sustain progress toward price stability.",0.7,972
placebo,1,sc1,Scenario A,deepseek-v4-flash,placebo,25,5.25,inflation,"PCE inflation at 3.8% is significantly above the 2% target, and 5-year inflation expectations at 2.7% suggest persistent price pressures. With unemployment low at 3.8% and GDP slightly above potential, a modest rate hike is warranted to anchor inflation expectations without disrupting economic growth.",0.7,841
placebo,2,sc1,Scenario A,deepseek-v4-flash,placebo,25,5.25,inflation,"PCE inflation at 3.8% is significantly above the 2% target, indicating persistent price pressures. With unemployment at 3.8% and real GDP slightly above potential, the economy appears to be operating near full capacity, necessitating a modest rate hike to cool demand.",0.7,774
placebo,3,sc1,Scenario A,deepseek-v4-flash,placebo,25,5.25,inflation,"PCE inflation at 3.8% remains well above the 2% target, and the real GDP index exceeds potential GDP, indicating overheating. A modest rate hike aims to curb inflationary pressures while maintaining economic stability.",0.75,730
placebo,4,sc1,Scenario A,deepseek-v4-flash,placebo,25,5.25,inflation,"PCE inflation at 3.8% is significantly above the 2% target, and unemployment at 3.8% reflects a tight labor market. These indicators suggest inflationary pressures warrant a modest rate increase.",0.7,944
placebo,5,sc1,Scenario A,deepseek-v4-flash,placebo,25,5.25,inflation,"PCE inflation at 3.8% is well above the 2% target, and unemployment at 3.8% is near historical lows, suggesting the economy is strong. A modest rate hike is warranted to curb inflationary pressures without risking a slowdown.",0.7,808
placebo,6,sc1,Scenario A,deepseek-v4-flash,placebo,25,5.25,inflation,"PCE inflation at 3.8% remains well above the 2% target, while unemployment at 3.8% indicates a tight labor market. To prevent inflation expectations from becoming entrenched, a modest rate hike is warranted.",0.6,713
placebo,7,sc1,Scenario A,deepseek-v4-flash,placebo,25,5.25,inflation,"The PCE inflation rate at 3.8% remains well above the 2% target, and 5-year inflation expectations at 2.7% indicate persistent price pressures. A moderate hike is warranted to curb inflation without risking a severe economic slowdown, given that the GDP is only slightly above potential and unemployment is low.",0.7,820
placebo,8,sc1,Scenario A,deepseek-v4-flash,placebo,25,5.25,inflation,"PCE inflation at 3.8% remains above target, while unemployment is low at 3.8%, suggesting an overheating economy. A modest rate hike aims to curb inflation without disrupting growth.",0.6,819
placebo,9,sc1,Scenario A,deepseek-v4-flash,placebo,25,5.25,inflation,"PCE inflation at 3.8% remains well above the 2% target, and output above potential suggests the economy is overheating. A 25-bps hike is appropriate to gradually tighten policy without disrupting financial stability.",0.7,1052
placebo,10,sc1,Scenario A,deepseek-v4-flash,placebo,25,5.25,inflation,"PCE inflation at 3.8% is well above the 2% target, and 5-year inflation expectations at 2.7% suggest de-anchoring risk. The economy is operating above potential (GDP 101 vs 100), adding inflationary pressure. Therefore, a modest rate increase is warranted to rein in inflation.",0.7,813
placebo,11,sc1,Scenario A,deepseek-v4-flash,placebo,25,5.25,inflation,"PCE inflation at 3.8% remains well above the 2% target, and 5-year inflation expectations at 2.7% suggest persistent price pressures. Meanwhile, unemployment at 3.8% and real GDP above potential indicate a tight labor market and above-trend growth, supporting a further rate hike to curb inflation.",0.6,877
placebo,12,sc1,Scenario A,deepseek-v4-flash,placebo,25,5.25,inflation,"PCE inflation at 3.8% and inflation expectations at 2.7% indicate persistent inflationary pressures. With unemployment low at 3.8% and real GDP above potential, the economy can withstand a modest rate hike to curb inflation.",0.7,776
placebo,13,sc1,Scenario A,deepseek-v4-flash,placebo,25,5.25,inflation,"PCE inflation at 3.8% remains well above the 2% target, while the unemployment rate at 3.8% indicates a tight labor market. Raising the federal funds rate by 25 basis points aims to moderate inflation pressures without overly restraining economic activity, given GDP slightly above potential.",0.6,781
placebo,14,sc1,Scenario A,deepseek-v4-flash,placebo,25,5.25,inflation,"PCE inflation at 3.8% is significantly above the 2% target, and 5-year inflation expectations at 2.7% indicate potential de-anchoring. Low unemployment at 3.8% suggests the economy is operating above potential, warranting a rate hike to curb inflationary pressures.",0.6,828
placebo,15,sc1,Scenario A,deepseek-v4-flash,placebo,25,5.25,inflation,"PCE inflation at 3.8% is well above the 2% target, and 5-year inflation expectations at 2.7% indicate de-anchoring risks. The unemployment rate is low at 3.8%, and the output gap is positive (GDP index 101 vs potential 100), suggesting the economy can tolerate further tightening.",0.7,792
placebo,1,sc2,Scenario B,deepseek-v4-flash,placebo,-25,4.75,unemployment,"The unemployment rate at 6.0% is elevated, and real GDP is below potential at 98.5, indicating economic slack. With PCE inflation at 2.1% near target, a modest rate cut aims to support employment and growth without stoking inflation.",0.7,712
placebo,2,sc2,Scenario B,deepseek-v4-flash,placebo,-25,4.75,unemployment,"The unemployment rate is elevated at 6.0%, well above the natural rate, while PCE inflation at 2.1% is near target and real GDP is below potential. A 25 bps cut supports employment without risking significant inflation.",0.75,656
placebo,3,sc2,Scenario B,deepseek-v4-flash,placebo,-25,4.75,unemployment,"The unemployment rate at 6.0% is above the natural rate, indicating labor market slack. Meanwhile, real GDP at 98.5 is below potential GDP of 100, suggesting negative output gap. With PCE inflation at 2.1% near target, a modest rate cut supports employment without risking overheating.",0.7,863
placebo,4,sc2,Scenario B,deepseek-v4-flash,placebo,-25,4.75,unemployment,"Unemployment is elevated at 6.0%, indicating significant slack, while real GDP (98.5) is below potential (100), suggesting underperformance. PCE inflation at 2.1% is at target, allowing for easing without stoking inflation. A 25 bps cut supports employment and growth.",0.7,803
placebo,5,sc2,Scenario B,deepseek-v4-flash,placebo,-25,4.75,unemployment,"Unemployment at 6.0% is elevated, signaling labor market slack, while PCE inflation at 2.1% remains near target. The real GDP index of 98.5 is below potential GDP of 100, indicating economic underperformance. A 25 bps cut aims to support employment and output without stoking inflation.",0.7,756
placebo,6,sc2,Scenario B,deepseek-v4-flash,placebo,-50,4.5,unemployment,"Unemployment at 6.0% is well above the natural rate, indicating significant labor market slack. Real GDP at 98.5 is below potential GDP of 100, suggesting the economy is underperforming. To stimulate economic activity and reduce unemployment, a 50 basis point cut in the federal funds rate is warranted.",0.7,914
placebo,7,sc2,Scenario B,deepseek-v4-flash,placebo,-25,4.75,unemployment,"The unemployment rate at 6.0% is significantly above the natural rate, indicating labor market slack. Meanwhile, PCE inflation at 2.1% is near target, allowing scope for easing. A 25 bp rate cut supports economic growth without stoking inflation.",0.7,1008
placebo,8,sc2,Scenario B,deepseek-v4-flash,placebo,-25,4.75,unemployment,"The unemployment rate at 6.0% is elevated, signaling significant slack in the labor market, while PCE inflation at 2.1% is near the target. With real GDP below potential (98.5 vs 100), a modest rate cut is appropriate to support employment without fueling inflation.",0.7,857
placebo,9,sc2,Scenario B,deepseek-v4-flash,placebo,-25,4.75,unemployment,"Unemployment at 6.0% is elevated, indicating labor market slack. Real GDP at 98.5 is below potential, suggesting insufficient demand. A rate cut supports economic activity and employment while inflation remains near target.",0.7,857
placebo,10,sc2,Scenario B,deepseek-v4-flash,placebo,-25,4.75,unemployment,"Unemployment at 6.0% is elevated and real GDP is below potential, indicating economic slack. With PCE inflation at 2.1% near target, cutting rates supports employment without risking inflation overshoot.",0.7,845
placebo,11,sc2,Scenario B,deepseek-v4-flash,placebo,-25,4.75,unemployment,"Unemployment at 6.0% is elevated, indicating slack in the labor market. Real GDP index of 98.5 is below potential, suggesting the economy is underperforming. A 25 basis point cut supports economic activity while maintaining inflation near target.",0.7,983
placebo,12,sc2,Scenario B,deepseek-v4-flash,placebo,-50,4.5,unemployment,"The unemployment rate at 6.0% is elevated, indicating significant slack in the labor market. Additionally, real GDP at 98.5 is below potential GDP of 100, suggesting output below capacity. Despite PCE inflation at 2.1% being near target, the high unemployment and negative output gap warrant a 50 basis point cut to stimulate economic activity.",0.65,1028
placebo,13,sc2,Scenario B,deepseek-v4-flash,placebo,-25,4.75,unemployment,"Unemployment at 6.0% is significantly above estimates of the natural rate, indicating substantial labor market slack. Meanwhile, PCE inflation at 2.1% is near target, reducing immediate inflation concerns. The below-potential real GDP index also points to economic weakness, supporting a stimulative rate cut.",0.7,896
placebo,14,sc2,Scenario B,deepseek-v4-flash,placebo,-25,4.75,unemployment,"With PCE inflation at 2.1%, near the target, and unemployment elevated at 6.0% alongside real GDP below potential (98.5 vs 100), easing monetary policy is appropriate to stimulate economic activity and reduce slack.",0.7,1326
placebo,15,sc2,Scenario B,deepseek-v4-flash,placebo,-25,4.75,unemployment,"Unemployment is elevated at 6.0%, well above natural levels, and real GDP (98.5) is below potential (100), indicating economic slack. Inflation is near target, so a rate cut can support employment without fueling excessive inflation.",0.7,779
placebo,1,sc3,Scenario C,deepseek-v4-flash,placebo,0,5.0,balanced,"PCE inflation at 3.1% remains above the 2% target, but five-year inflation expectations at 2.4% are anchored. The unemployment rate at 4.9% is near full employment, while real GDP at 99.5 is slightly below potential. Balancing these factors suggests holding rates steady.",0.6,765
placebo,2,sc3,Scenario C,deepseek-v4-flash,placebo,0,5.0,inflation,"PCE inflation at 3.1% remains above the 2% target, while the unemployment rate at 4.9% is near full employment. Despite a slight negative output gap, the elevated inflation risk warrants holding the rate steady to avoid overheating.",0.7,1275
placebo,3,sc3,Scenario C,deepseek-v4-flash,placebo,0,5.0,balanced,"Unemployment is low at 4.9%, indicating a tight labor market, while PCE inflation at 3.1% remains above the 2% target. However, inflation expectations are anchored near 2.4%, and GDP is slightly below potential, suggesting economic slack. Given the mixed signals, maintaining the current rate balances inflation and employment risks.",0.6,986
placebo,4,sc3,Scenario C,deepseek-v4-flash,placebo,0,5.0,balanced,"Given PCE inflation at 3.1% remains above the 2% target, but 5-year inflation expectations at 2.4% are well-anchored, and the unemployment rate at 4.9% is near estimates of the natural rate, there is no urgent need to adjust rates. The GDP index at 99.5 relative to potential GDP of 100 suggests the economy is operating near capacity, supporting a hold decision.",0.6,747
placebo,5,sc3,Scenario C,deepseek-v4-flash,placebo,25,5.25,inflation,"PCE inflation at 3.1% remains above the 2% target, and 5-year inflation expectations at 2.4% indicate persistent inflationary pressures. Unemployment at 4.9% is low, supporting continued tightening. However, GDP is slightly below potential, weighing against a larger move. Therefore, a modest hike is appropriate.",0.7,1103
placebo,6,sc3,Scenario C,deepseek-v4-flash,placebo,25,5.25,inflation,"PCE inflation at 3.1% remains above the 2% target, while the unemployment rate at 4.9% is near the natural rate, suggesting the economy is near full employment. A modest rate hike is warranted to preempt persistent inflation pressures without significantly harming economic activity.",0.6,902
placebo,7,sc3,Scenario C,deepseek-v4-flash,placebo,0,5.0,balanced,"PCE inflation at 3.1% remains above the 2% target, but 5-year inflation expectations are well-anchored at 2.4%. Meanwhile, real GDP is slightly below potential (99.5 vs 100), and unemployment at 4.9% suggests some slack. These mixed signals warrant holding the rate steady to await more data.",0.7,822
placebo,8,sc3,Scenario C,deepseek-v4-flash,placebo,-25,4.75,balanced,"PCE inflation at 3.1% remains above target, but real GDP at 99.5 is below potential, indicating economic slack. A modest rate cut balances these risks.",0.7,1239
placebo,9,sc3,Scenario C,deepseek-v4-flash,placebo,-25,4.75,balanced,"PCE inflation remains above the 2% target at 3.1%, but unemployment is elevated at 4.9% and real GDP is below potential, indicating slack. A moderate cut supports employment and growth while maintaining pressure on inflation.",0.6,1077
placebo,10,sc3,Scenario C,deepseek-v4-flash,placebo,0,5.0,balanced,"PCE inflation at 3.1% is above target, but 5-year inflation expectations at 2.4% suggest anchored expectations. Real GDP index at 99.5 indicates a slight output gap, supporting a hold to balance inflation and growth risks.",0.6,996
placebo,11,sc3,Scenario C,deepseek-v4-flash,placebo,25,5.25,inflation,"PCE inflation at 3.1% remains above the 2% target, while the unemployment rate at 4.9% suggests a tight labor market. A modest rate hike aims to curb inflationary pressures without significantly hampering economic growth, as GDP is only slightly below potential.",0.6,713
placebo,12,sc3,Scenario C,deepseek-v4-flash,placebo,0,5.0,balanced,"Given PCE inflation at 3.1% remains above target, but real GDP at 99.5 indicates the economy is slightly below potential, a hold is appropriate to balance inflation and growth risks. Inflation expectations are anchored at 2.4%.",0.65,1052
placebo,13,sc3,Scenario C,deepseek-v4-flash,placebo,0,5.0,balanced,"PCE inflation at 3.1% remains above the 2% target, but GDP is slightly below potential, indicating a mixed outlook. Balancing these factors suggests maintaining the current rate to avoid premature tightening.",0.7,1140
placebo,14,sc3,Scenario C,deepseek-v4-flash,placebo,0,5.0,inflation,"PCE inflation at 3.1% remains above the 2% target, and 5-year inflation expectations at 2.4% indicate persistent inflationary pressures. Real GDP is slightly below potential at 99.5, but the unemployment rate at 4.9% suggests a tight labor market. Holding rates allows further assessment of inflation trends without risking economic slowdown.",0.7,799
placebo,15,sc3,Scenario C,deepseek-v4-flash,placebo,25,5.25,inflation,"PCE inflation at 3.1% remains above the 2% target, and 5-year inflation expectations at 2.4% signal persistent price pressures. Unemployment at 4.9% is near full employment, and the output gap is minimal. A modest rate increase is warranted to preempt further inflationary momentum.",0.7,857
